text,field,word,frequency,relative_frequency
eneida,alcohol_and_banquets,пили,15,0.7406310176270182
eneida,alcohol_and_banquets,пить,6,0.2962524070508073
eneida,alcohol_and_banquets,брагу,6,0.2962524070508073
eneida,alcohol_and_banquets,сивуху,5,0.24687700587567274
eneida,alcohol_and_banquets,пила,5,0.24687700587567274
eneida,alcohol_and_banquets,питъ,5,0.24687700587567274
eneida,alcohol_and_banquets,пьяны,4,0.1975016047005382
eneida,alcohol_and_banquets,хмелю,4,0.1975016047005382
eneida,alcohol_and_banquets,сивухи,4,0.1975016047005382
eneida,alcohol_and_banquets,гуляли,4,0.1975016047005382
eneida,alcohol_and_banquets,горілку,4,0.1975016047005382
eneida,alcohol_and_banquets,вина,4,0.1975016047005382
eneida,alcohol_and_banquets,галушки,3,0.14812620352540365
eneida,alcohol_and_banquets,танець,3,0.14812620352540365
eneida,alcohol_and_banquets,макогона,3,0.14812620352540365
eneida,alcohol_and_banquets,закуску,3,0.14812620352540365
eneida,alcohol_and_banquets,пиво,3,0.14812620352540365
eneida,alcohol_and_banquets,гулять,3,0.14812620352540365
eneida,alcohol_and_banquets,пьяный,3,0.14812620352540365
eneida,alcohol_and_banquets,вечерници,3,0.14812620352540365
eneida,alcohol_and_banquets,сивушки,3,0.14812620352540365
eneida,alcohol_and_banquets,пяний,3,0.14812620352540365
eneida,alcohol_and_banquets,пшона,3,0.14812620352540365
eneida,alcohol_and_banquets,пє,3,0.14812620352540365
eneida,alcohol_and_banquets,пяні,3,0.14812620352540365
eneida,alcohol_and_banquets,вишнивку,2,0.0987508023502691
eneida,alcohol_and_banquets,бенкетовать,2,0.0987508023502691
eneida,alcohol_and_banquets,кабака,2,0.0987508023502691
eneida,alcohol_and_banquets,сивуха,2,0.0987508023502691
eneida,alcohol_and_banquets,напившись,2,0.0987508023502691
eneida,alcohol_and_banquets,пьянюги,2,0.0987508023502691
eneida,alcohol_and_banquets,горілка,2,0.0987508023502691
eneida,alcohol_and_banquets,напитись,2,0.0987508023502691
eneida,alcohol_and_banquets,могорич,2,0.0987508023502691
eneida,alcohol_and_banquets,похмілля,2,0.0987508023502691
eneida,alcohol_and_banquets,пити,2,0.0987508023502691
eneida,alcohol_and_banquets,бражкой,1,0.04937540117513455
eneida,alcohol_and_banquets,запивать,1,0.04937540117513455
eneida,alcohol_and_banquets,хлыстали,1,0.04937540117513455
eneida,alcohol_and_banquets,зъзастола,1,0.04937540117513455
eneida,alcohol_and_banquets,допивши,1,0.04937540117513455
eneida,alcohol_and_banquets,кубками,1,0.04937540117513455
eneida,alcohol_and_banquets,бражку,1,0.04937540117513455
eneida,alcohol_and_banquets,тернивку,1,0.04937540117513455
eneida,alcohol_and_banquets,пилась,1,0.04937540117513455
eneida,alcohol_and_banquets,вечирницамъ,1,0.04937540117513455
eneida,alcohol_and_banquets,пьешъ,1,0.04937540117513455
eneida,alcohol_and_banquets,кахляхъ,1,0.04937540117513455
eneida,alcohol_and_banquets,налыгався,1,0.04937540117513455
eneida,alcohol_and_banquets,нахлыстався,1,0.04937540117513455
eneida,alcohol_and_banquets,пидпилый,1,0.04937540117513455
eneida,alcohol_and_banquets,бражки,1,0.04937540117513455
eneida,alcohol_and_banquets,повныи,1,0.04937540117513455
eneida,alcohol_and_banquets,ваганы,1,0.04937540117513455
eneida,alcohol_and_banquets,нахлистались,1,0.04937540117513455
eneida,alcohol_and_banquets,зъзастолу,1,0.04937540117513455
eneida,alcohol_and_banquets,протверезився,1,0.04937540117513455
eneida,alcohol_and_banquets,выпивъ,1,0.04937540117513455
eneida,alcohol_and_banquets,пивквартивки,1,0.04937540117513455
eneida,alcohol_and_banquets,имберомъ,1,0.04937540117513455
eneida,alcohol_and_banquets,кухля,1,0.04937540117513455
eneida,alcohol_and_banquets,сыровцю,1,0.04937540117513455
eneida,alcohol_and_banquets,пьяну,1,0.04937540117513455
eneida,alcohol_and_banquets,напьюсь,1,0.04937540117513455
eneida,alcohol_and_banquets,пьяненьки,1,0.04937540117513455
eneida,alcohol_and_banquets,понадувались,1,0.04937540117513455
eneida,alcohol_and_banquets,напивсь,1,0.04937540117513455
eneida,alcohol_and_banquets,кружку,1,0.04937540117513455
eneida,alcohol_and_banquets,попивали,1,0.04937540117513455
eneida,alcohol_and_banquets,пьяненька,1,0.04937540117513455
eneida,alcohol_and_banquets,чарочку,1,0.04937540117513455
eneida,alcohol_and_banquets,наливъ,1,0.04937540117513455
eneida,alcohol_and_banquets,почастовавши,1,0.04937540117513455
eneida,alcohol_and_banquets,сивушкою,1,0.04937540117513455
eneida,alcohol_and_banquets,почастовавсь,1,0.04937540117513455
eneida,alcohol_and_banquets,галушокъ,1,0.04937540117513455
eneida,alcohol_and_banquets,настоянную,1,0.04937540117513455
eneida,alcohol_and_banquets,бадянъ,1,0.04937540117513455
eneida,alcohol_and_banquets,пивцемъ,1,0.04937540117513455
eneida,alcohol_and_banquets,запивали,1,0.04937540117513455
eneida,alcohol_and_banquets,веселися,1,0.04937540117513455
eneida,alcohol_and_banquets,первак,1,0.04937540117513455
eneida,alcohol_and_banquets,грушевий,1,0.04937540117513455
eneida,alcohol_and_banquets,повипивали,1,0.04937540117513455
eneida,alcohol_and_banquets,горілки,1,0.04937540117513455
eneida,alcohol_and_banquets,пляшечки,1,0.04937540117513455
eneida,alcohol_and_banquets,сулії,1,0.04937540117513455
eneida,alcohol_and_banquets,тикви,1,0.04937540117513455
eneida,alcohol_and_banquets,баклажки,1,0.04937540117513455
eneida,alcohol_and_banquets,висушили,1,0.04937540117513455
eneida,alcohol_and_banquets,остатку,1,0.04937540117513455
eneida,alcohol_and_banquets,похмелялись,1,0.04937540117513455
eneida,alcohol_and_banquets,кубочки,1,0.04937540117513455
eneida,alcohol_and_banquets,наливши,1,0.04937540117513455
eneida,alcohol_and_banquets,запили,1,0.04937540117513455
eneida,alcohol_and_banquets,хмеля,1,0.04937540117513455
eneida,alcohol_and_banquets,пивце,1,0.04937540117513455
eneida,alcohol_and_banquets,винце,1,0.04937540117513455
eneida,alcohol_and_banquets,медок,1,0.04937540117513455
eneida,alcohol_and_banquets,сикизку,1,0.04937540117513455
eneida,alcohol_and_banquets,деренівку,1,0.04937540117513455
eneida,alcohol_and_banquets,кримську,1,0.04937540117513455
eneida,alcohol_and_banquets,дулівку,1,0.04937540117513455
eneida,alcohol_and_banquets,айвовкою,1,0.04937540117513455
eneida,alcohol_and_banquets,оріхів,1,0.04937540117513455
eneida,alcohol_and_banquets,варенухою,1,0.04937540117513455
eneida,alcohol_and_banquets,пуншу,1,0.04937540117513455
eneida,alcohol_and_banquets,хлись,1,0.04937540117513455
eneida,alcohol_and_banquets,пляшки,1,0.04937540117513455
eneida,alcohol_and_banquets,чарочки,1,0.04937540117513455
eneida,food_and_meals,сала,5,0.24687700587567274
eneida,food_and_meals,мед,5,0.24687700587567274
eneida,food_and_meals,раки,4,0.1975016047005382
eneida,food_and_meals,бикъ,4,0.1975016047005382
eneida,food_and_meals,печі,4,0.1975016047005382
eneida,food_and_meals,сухарями,3,0.14812620352540365
eneida,food_and_meals,олію,3,0.14812620352540365
eneida,food_and_meals,посуду,3,0.14812620352540365
eneida,food_and_meals,кислици,3,0.14812620352540365
eneida,food_and_meals,соли,3,0.14812620352540365
eneida,food_and_meals,слина,3,0.14812620352540365
eneida,food_and_meals,ковбаси,3,0.14812620352540365
eneida,food_and_meals,їсти,3,0.14812620352540365
eneida,food_and_meals,стіл,3,0.14812620352540365
eneida,food_and_meals,шмат,3,0.14812620352540365
eneida,food_and_meals,овець,3,0.14812620352540365
eneida,food_and_meals,смачно,3,0.14812620352540365
eneida,food_and_meals,локшив,3,0.14812620352540365
eneida,food_and_meals,яєшню,3,0.14812620352540365
eneida,food_and_meals,голодный,2,0.0987508023502691
eneida,food_and_meals,кашу,2,0.0987508023502691
eneida,food_and_meals,медъ,2,0.0987508023502691
eneida,food_and_meals,сыровець,2,0.0987508023502691
eneida,food_and_meals,ситы,2,0.0987508023502691
eneida,food_and_meals,мясо,2,0.0987508023502691
eneida,food_and_meals,бублики,2,0.0987508023502691
eneida,food_and_meals,меду,2,0.0987508023502691
eneida,food_and_meals,страву,2,0.0987508023502691
eneida,food_and_meals,борщу,2,0.0987508023502691
eneida,food_and_meals,пшеничны,2,0.0987508023502691
eneida,food_and_meals,сало,2,0.0987508023502691
eneida,food_and_meals,маслаки,2,0.0987508023502691
eneida,food_and_meals,квас,2,0.0987508023502691
eneida,food_and_meals,поживиться,2,0.0987508023502691
eneida,food_and_meals,хлібом,2,0.0987508023502691
eneida,food_and_meals,сіллю,2,0.0987508023502691
eneida,food_and_meals,хлібасоли,2,0.0987508023502691
eneida,food_and_meals,їли,2,0.0987508023502691
eneida,food_and_meals,обід,2,0.0987508023502691
eneida,food_and_meals,слив,2,0.0987508023502691
eneida,food_and_meals,яєць,2,0.0987508023502691
eneida,food_and_meals,перцю,2,0.0987508023502691
eneida,food_and_meals,кісіля,2,0.0987508023502691
eneida,food_and_meals,їла,2,0.0987508023502691
eneida,food_and_meals,стравою,1,0.04937540117513455
eneida,food_and_meals,маковныками,1,0.04937540117513455
eneida,food_and_meals,свинки,1,0.04937540117513455
eneida,food_and_meals,рыбу,1,0.04937540117513455
eneida,food_and_meals,свинячу,1,0.04937540117513455
eneida,food_and_meals,локшину,1,0.04937540117513455
eneida,food_and_meals,пидлевою,1,0.04937540117513455
eneida,food_and_meals,хляки,1,0.04937540117513455
eneida,food_and_meals,путрю,1,0.04937540117513455
eneida,food_and_meals,квашу,1,0.04937540117513455
eneida,food_and_meals,макомъ,1,0.04937540117513455
eneida,food_and_meals,медовый,1,0.04937540117513455
eneida,food_and_meals,шуликъ,1,0.04937540117513455
eneida,food_and_meals,варенухи,1,0.04937540117513455
eneida,food_and_meals,кухлику,1,0.04937540117513455
eneida,food_and_meals,сыты,1,0.04937540117513455
eneida,food_and_meals,оселедцемъ,1,0.04937540117513455
eneida,food_and_meals,лахмитье,1,0.04937540117513455
eneida,food_and_meals,ляща,1,0.04937540117513455
eneida,food_and_meals,почастовавъ,1,0.04937540117513455
eneida,food_and_meals,ковбаса,1,0.04937540117513455
eneida,food_and_meals,тетери,1,0.04937540117513455
eneida,food_and_meals,квартери,1,0.04937540117513455
eneida,food_and_meals,банкеты,1,0.04937540117513455
eneida,food_and_meals,пашкеты,1,0.04937540117513455
eneida,food_and_meals,киселю,1,0.04937540117513455
eneida,food_and_meals,бухинку,1,0.04937540117513455
eneida,food_and_meals,рижкивъ,1,0.04937540117513455
eneida,food_and_meals,печинку,1,0.04937540117513455
eneida,food_and_meals,зразову,1,0.04937540117513455
eneida,food_and_meals,кавун,1,0.04937540117513455
eneida,food_and_meals,часныкомъ,1,0.04937540117513455
eneida,food_and_meals,панпухъ,1,0.04937540117513455
eneida,food_and_meals,нагодовати,1,0.04937540117513455
eneida,food_and_meals,книши,1,0.04937540117513455
eneida,food_and_meals,кутей,1,0.04937540117513455
eneida,food_and_meals,наситили,1,0.04937540117513455
eneida,food_and_meals,мяса,1,0.04937540117513455
eneida,food_and_meals,варили,1,0.04937540117513455
eneida,food_and_meals,пекли,1,0.04937540117513455
eneida,food_and_meals,юшки,1,0.04937540117513455
eneida,food_and_meals,барановъ,1,0.04937540117513455
eneida,food_and_meals,гисей,1,0.04937540117513455
eneida,food_and_meals,качокъ,1,0.04937540117513455
eneida,food_and_meals,печеныхъ,1,0.04937540117513455
eneida,food_and_meals,сыта,1,0.04937540117513455
eneida,food_and_meals,ложки,1,0.04937540117513455
eneida,food_and_meals,зварю,1,0.04937540117513455
eneida,food_and_meals,каши,1,0.04937540117513455
eneida,food_and_meals,лигоминки,1,0.04937540117513455
eneida,food_and_meals,буханчики,1,0.04937540117513455
eneida,food_and_meals,сырныхъ,1,0.04937540117513455
eneida,food_and_meals,котыще,1,0.04937540117513455
eneida,food_and_meals,пирогивъ,1,0.04937540117513455
eneida,food_and_meals,кислиць,1,0.04937540117513455
eneida,food_and_meals,бенкету,1,0.04937540117513455
eneida,food_and_meals,сметаною,1,0.04937540117513455
eneida,food_and_meals,гречку,1,0.04937540117513455
eneida,food_and_meals,покормили,1,0.04937540117513455
eneida,food_and_meals,смальцемъ,1,0.04937540117513455
eneida,food_and_meals,ганусомъ,1,0.04937540117513455
eneida,food_and_meals,калгану,1,0.04937540117513455
eneida,food_and_meals,перець,1,0.04937540117513455
eneida,food_and_meals,шапранъ,1,0.04937540117513455
eneida,food_and_meals,ласощи,1,0.04937540117513455
eneida,food_and_meals,сластіоны,1,0.04937540117513455
eneida,food_and_meals,коржики,1,0.04937540117513455
eneida,food_and_meals,варенички,1,0.04937540117513455
eneida,food_and_meals,буханци,1,0.04937540117513455
eneida,food_and_meals,часникъ,1,0.04937540117513455
eneida,food_and_meals,полуныци,1,0.04937540117513455
eneida,food_and_meals,тернъ,1,0.04937540117513455
eneida,food_and_meals,яйця,1,0.04937540117513455
eneida,food_and_meals,яечню,1,0.04937540117513455
eneida,food_and_meals,сухаря,1,0.04937540117513455
eneida,food_and_meals,кислиця,1,0.04937540117513455
eneida,food_and_meals,огірок,1,0.04937540117513455
eneida,food_and_meals,рибою,1,0.04937540117513455
eneida,food_and_meals,капусту,1,0.04937540117513455
eneida,food_and_meals,голодне,1,0.04937540117513455
eneida,food_and_meals,січену,1,0.04937540117513455
eneida,food_and_meals,шатковану,1,0.04937540117513455
eneida,food_and_meals,огірки,1,0.04937540117513455
eneida,food_and_meals,мясопусту,1,0.04937540117513455
eneida,food_and_meals,хрін,1,0.04937540117513455
eneida,food_and_meals,квасом,1,0.04937540117513455
eneida,food_and_meals,чаю,1,0.04937540117513455
eneida,food_and_meals,редьку,1,0.04937540117513455
eneida,food_and_meals,буряки,1,0.04937540117513455
eneida,food_and_meals,рябка,1,0.04937540117513455
eneida,food_and_meals,тетерю,1,0.04937540117513455
eneida,food_and_meals,саламаху,1,0.04937540117513455
eneida,food_and_meals,поїли,1,0.04937540117513455
eneida,food_and_meals,маху,1,0.04937540117513455
eneida,food_and_meals,сухарі,1,0.04937540117513455
eneida,food_and_meals,шматки,1,0.04937540117513455
eneida,food_and_meals,лимоном,1,0.04937540117513455
eneida,food_and_meals,телята,1,0.04937540117513455
eneida,food_and_meals,барани,1,0.04937540117513455
eneida,food_and_meals,пиріг,1,0.04937540117513455
eneida,food_and_meals,страви,1,0.04937540117513455
eneida,food_and_meals,рушник,1,0.04937540117513455
eneida,food_and_meals,ложка,1,0.04937540117513455
eneida,food_and_meals,тарілка,1,0.04937540117513455
eneida,food_and_meals,кавяр,1,0.04937540117513455
eneida,food_and_meals,борщ,1,0.04937540117513455
eneida,food_and_meals,шпундрів,1,0.04937540117513455
eneida,food_and_meals,буряками,1,0.04937540117513455
eneida,food_and_meals,юшці,1,0.04937540117513455
eneida,food_and_meals,потрох,1,0.04937540117513455
eneida,food_and_meals,галушками,1,0.04937540117513455
eneida,food_and_meals,соку,1,0.04937540117513455
eneida,food_and_meals,каплуни,1,0.04937540117513455
eneida,food_and_meals,отрібки,1,0.04937540117513455
eneida,food_and_meals,шарпанина,1,0.04937540117513455
eneida,food_and_meals,печена,1,0.04937540117513455
eneida,food_and_meals,часником,1,0.04937540117513455
eneida,food_and_meals,свинина,1,0.04937540117513455
eneida,food_and_meals,крохмаль,1,0.04937540117513455
eneida,food_and_meals,їдять,1,0.04937540117513455
eneida,food_and_meals,хлібний,1,0.04937540117513455
eneida,food_and_meals,скоштуйте,1,0.04937540117513455
eneida,food_and_meals,провіянту,1,0.04937540117513455
eneida,food_and_meals,галушок,1,0.04937540117513455
eneida,food_and_meals,годуйтесь,1,0.04937540117513455
eneida,food_and_meals,кушайте,1,0.04937540117513455
eneida,food_and_meals,страва,1,0.04937540117513455
eneida,food_and_meals,просілне,1,0.04937540117513455
eneida,food_and_meals,ушками,1,0.04937540117513455
eneida,food_and_meals,грінками,1,0.04937540117513455
eneida,food_and_meals,юшка,1,0.04937540117513455
eneida,food_and_meals,хляками,1,0.04937540117513455
eneida,food_and_meals,телячий,1,0.04937540117513455
eneida,food_and_meals,лизень,1,0.04937540117513455
eneida,food_and_meals,ягни,1,0.04937540117513455
eneida,food_and_meals,софорку,1,0.04937540117513455
eneida,food_and_meals,кури,1,0.04937540117513455
eneida,food_and_meals,печені,1,0.04937540117513455
eneida,food_and_meals,частувались,1,0.04937540117513455
eneida,food_and_meals,ґури,1,0.04937540117513455
eneida,food_and_meals,ласих,1,0.04937540117513455
eneida,food_and_meals,їсться,1,0.04937540117513455
eneida,food_and_meals,пється,1,0.04937540117513455
eneida,food_and_meals,підкрепившись,1,0.04937540117513455
eneida,clothing_and_fashion,нарядилась,5,0.24687700587567274
eneida,clothing_and_fashion,одежу,5,0.24687700587567274
eneida,clothing_and_fashion,коси,3,0.14812620352540365
eneida,clothing_and_fashion,спидницю,2,0.0987508023502691
eneida,clothing_and_fashion,стилъ,2,0.0987508023502691
eneida,clothing_and_fashion,чоботы,2,0.0987508023502691
eneida,clothing_and_fashion,платокъ,2,0.0987508023502691
eneida,clothing_and_fashion,штаны,2,0.0987508023502691
eneida,clothing_and_fashion,сорочку,2,0.0987508023502691
eneida,clothing_and_fashion,чуба,2,0.0987508023502691
eneida,clothing_and_fashion,косою,2,0.0987508023502691
eneida,clothing_and_fashion,шапками,2,0.0987508023502691
eneida,clothing_and_fashion,кунтушъ,1,0.04937540117513455
eneida,clothing_and_fashion,чоботахъ,1,0.04937540117513455
eneida,clothing_and_fashion,чепурна,1,0.04937540117513455
eneida,clothing_and_fashion,баевій,1,0.04937540117513455
eneida,clothing_and_fashion,фаналевій,1,0.04937540117513455
eneida,clothing_and_fashion,стіонжкахъ,1,0.04937540117513455
eneida,clothing_and_fashion,ланцюжокъ,1,0.04937540117513455
eneida,clothing_and_fashion,обула,1,0.04937540117513455
eneida,clothing_and_fashion,выбійки,1,0.04937540117513455
eneida,clothing_and_fashion,чобитокъ,1,0.04937540117513455
eneida,clothing_and_fashion,каптанъ,1,0.04937540117513455
eneida,clothing_and_fashion,китайки,1,0.04937540117513455
eneida,clothing_and_fashion,каламайки,1,0.04937540117513455
eneida,clothing_and_fashion,шовковый,1,0.04937540117513455
eneida,clothing_and_fashion,одяглись,1,0.04937540117513455
eneida,clothing_and_fashion,обуты,1,0.04937540117513455
eneida,clothing_and_fashion,бляхою,1,0.04937540117513455
eneida,clothing_and_fashion,обвязавшись,1,0.04937540117513455
eneida,clothing_and_fashion,ладунка,1,0.04937540117513455
eneida,clothing_and_fashion,сунка,1,0.04937540117513455
eneida,clothing_and_fashion,малахай,1,0.04937540117513455
eneida,clothing_and_fashion,одежи,1,0.04937540117513455
eneida,clothing_and_fashion,убраный,1,0.04937540117513455
eneida,clothing_and_fashion,панчихъ,1,0.04937540117513455
eneida,clothing_and_fashion,патынки,1,0.04937540117513455
eneida,clothing_and_fashion,ирисины,1,0.04937540117513455
eneida,clothing_and_fashion,вбирались,1,0.04937540117513455
eneida,clothing_and_fashion,свита,1,0.04937540117513455
eneida,clothing_and_fashion,сукна,1,0.04937540117513455
eneida,clothing_and_fashion,тясомкою,1,0.04937540117513455
eneida,clothing_and_fashion,обшита,1,0.04937540117513455
eneida,clothing_and_fashion,кипъ,1,0.04937540117513455
eneida,clothing_and_fashion,шапочка,1,0.04937540117513455
eneida,clothing_and_fashion,шапці,1,0.04937540117513455
eneida,clothing_and_fashion,коса,1,0.04937540117513455
eneida,clothing_and_fashion,розхристана,1,0.04937540117513455
eneida,clothing_and_fashion,намысти,1,0.04937540117513455
eneida,clothing_and_fashion,цяцю,1,0.04937540117513455
eneida,clothing_and_fashion,борода,1,0.04937540117513455
eneida,clothing_and_fashion,сорочка,1,0.04937540117513455
eneida,clothing_and_fashion,звязана,1,0.04937540117513455
eneida,clothing_and_fashion,узлами,1,0.04937540117513455
eneida,clothing_and_fashion,попричепляна,1,0.04937540117513455
eneida,clothing_and_fashion,мотузками,1,0.04937540117513455
eneida,clothing_and_fashion,обутый,1,0.04937540117513455
eneida,clothing_and_fashion,гаманець,1,0.04937540117513455
eneida,clothing_and_fashion,кишень,1,0.04937540117513455
eneida,clothing_and_fashion,нохтики,1,0.04937540117513455
eneida,clothing_and_fashion,хустки,1,0.04937540117513455
eneida,clothing_and_fashion,придзигліованки,1,0.04937540117513455
eneida,clothing_and_fashion,шапочку,1,0.04937540117513455
eneida,clothing_and_fashion,румяна,1,0.04937540117513455
eneida,clothing_and_fashion,губки,1,0.04937540117513455
eneida,clothing_and_fashion,жупанахъ,1,0.04937540117513455
eneida,clothing_and_fashion,кармазинахъ,1,0.04937540117513455
eneida,clothing_and_fashion,сапьянахъ,1,0.04937540117513455
eneida,clothing_and_fashion,сумками,1,0.04937540117513455
eneida,clothing_and_fashion,жупан,1,0.04937540117513455
eneida,clothing_and_fashion,кучерявий,1,0.04937540117513455
eneida,clothing_and_fashion,бороду,1,0.04937540117513455
eneida,clothing_and_fashion,каблучки,1,0.04937540117513455
eneida,clothing_and_fashion,убори,1,0.04937540117513455
eneida,clothing_and_fashion,каптана,1,0.04937540117513455
eneida,clothing_and_fashion,плащем,1,0.04937540117513455
eneida,clothing_and_fashion,клейонки,1,0.04937540117513455
eneida,clothing_and_fashion,ґудзем,1,0.04937540117513455
eneida,clothing_and_fashion,застебнувся,1,0.04937540117513455
eneida,clothing_and_fashion,капелюх,1,0.04937540117513455
eneida,clothing_and_fashion,рукавиці,1,0.04937540117513455
eneida,clothing_and_fashion,шкапові,1,0.04937540117513455
eneida,clothing_and_fashion,наряді,1,0.04937540117513455
eneida,clothing_and_fashion,жупани,1,0.04937540117513455
eneida,clothing_and_fashion,каптани,1,0.04937540117513455
eneida,clothing_and_fashion,усики,1,0.04937540117513455
eneida,clothing_and_fashion,спідниці,1,0.04937540117513455
eneida,clothing_and_fashion,підперезала,1,0.04937540117513455
eneida,clothing_and_fashion,косинку,1,0.04937540117513455
eneida,clothing_and_fashion,груднину,1,0.04937540117513455
eneida,clothing_and_fashion,одкрила,1,0.04937540117513455
eneida,music_and_performance,музо,4,0.1975016047005382
eneida,music_and_performance,муза,3,0.14812620352540365
eneida,music_and_performance,бандура,1,0.04937540117513455
eneida,music_and_performance,бринчала,1,0.04937540117513455
eneida,music_and_performance,дудка,1,0.04937540117513455
eneida,music_and_performance,затынала,1,0.04937540117513455
eneida,music_and_performance,цымбалы,1,0.04937540117513455
eneida,music_and_performance,танціовали,1,0.04937540117513455
eneida,music_and_performance,дудку,1,0.04937540117513455
eneida,music_and_performance,танціовала,1,0.04937540117513455
eneida,music_and_performance,выкрутасомъ,1,0.04937540117513455
eneida,music_and_performance,выхилясомъ,1,0.04937540117513455
eneida,music_and_performance,розгулявся,1,0.04937540117513455
eneida,music_and_performance,выбивала,1,0.04937540117513455
eneida,music_and_performance,гоцака,1,0.04937540117513455
eneida,music_and_performance,перебіецъ,1,0.04937540117513455
eneida,music_and_performance,вытребенькы,1,0.04937540117513455
eneida,music_and_performance,загулялись,1,0.04937540117513455
eneida,music_and_performance,труби,1,0.04937540117513455
eneida,music_and_performance,засурмила,1,0.04937540117513455
eneida,music_and_performance,танціовать,1,0.04937540117513455
eneida,music_and_performance,вечирници,1,0.04937540117513455
eneida,music_and_performance,грай,1,0.04937540117513455
eneida,music_and_performance,танцюй,1,0.04937540117513455
eneida,music_and_performance,крутися,1,0.04937540117513455
eneida,music_and_performance,маляр,1,0.04937540117513455
eneida,music_and_performance,співак,1,0.04937540117513455
eneida,music_and_performance,танцюра,1,0.04937540117513455
eneida,music_and_performance,трубачі,1,0.04937540117513455
eneida,music_and_performance,танцював,1,0.04937540117513455
eneida,music_and_performance,муцика,1,0.04937540117513455
eneida,music_and_performance,музик,1,0.04937540117513455
eneida,sea_and_travel,човни,10,0.4937540117513455
eneida,sea_and_travel,човны,9,0.444378610576211
eneida,sea_and_travel,землі,15,0.7406310176270182
eneida,sea_and_travel,гай,14,0.6912556164518837
eneida,sea_and_travel,човнивъ,6,0.2962524070508073
eneida,sea_and_travel,водою,6,0.2962524070508073
eneida,sea_and_travel,плив,5,0.24687700587567274
eneida,sea_and_travel,води,5,0.24687700587567274
eneida,sea_and_travel,плывъ,4,0.1975016047005382
eneida,sea_and_travel,вода,4,0.1975016047005382
eneida,sea_and_travel,путь,4,0.1975016047005382
eneida,sea_and_travel,флот,4,0.1975016047005382
eneida,sea_and_travel,човенъ,3,0.14812620352540365
eneida,sea_and_travel,моремъ,3,0.14812620352540365
eneida,sea_and_travel,морю,3,0.14812620352540365
eneida,sea_and_travel,поход,3,0.14812620352540365
eneida,sea_and_travel,дно,2,0.0987508023502691
eneida,sea_and_travel,човнахъ,2,0.0987508023502691
eneida,sea_and_travel,човнокъ,2,0.0987508023502691
eneida,sea_and_travel,хвилі,2,0.0987508023502691
eneida,sea_and_travel,весельця,2,0.0987508023502691
eneida,sea_and_travel,пригоду,2,0.0987508023502691
eneida,sea_and_travel,поплив,2,0.0987508023502691
eneida,sea_and_travel,плить,2,0.0987508023502691
eneida,sea_and_travel,човна,2,0.0987508023502691
eneida,sea_and_travel,плыви,1,0.04937540117513455
eneida,sea_and_travel,доплывешъ,1,0.04937540117513455
eneida,sea_and_travel,море,11,0.5431294129264801
eneida,sea_and_travel,воду,10,0.4937540117513455
eneida,sea_and_travel,плавати,1,0.04937540117513455
eneida,sea_and_travel,мандровать,1,0.04937540117513455
eneida,sea_and_travel,пливъ,1,0.04937540117513455
eneida,sea_and_travel,хвили,1,0.04937540117513455
eneida,sea_and_travel,потопило,1,0.04937540117513455
eneida,sea_and_travel,сицилія,1,0.04937540117513455
eneida,sea_and_travel,човники,1,0.04937540117513455
eneida,sea_and_travel,здоровкались,1,0.04937540117513455
eneida,sea_and_travel,дороги,1,0.04937540117513455
eneida,sea_and_travel,поплыти,1,0.04937540117513455
eneida,sea_and_travel,чумаки,1,0.04937540117513455
eneida,sea_and_travel,чумакамъ,1,0.04937540117513455
eneida,sea_and_travel,конями,1,0.04937540117513455
eneida,sea_and_travel,ныряти,1,0.04937540117513455
eneida,sea_and_travel,бризнувъ,1,0.04937540117513455
eneida,sea_and_travel,росхитавшись,1,0.04937540117513455
eneida,sea_and_travel,нырнувъ,1,0.04937540117513455
eneida,sea_and_travel,човнамъ,1,0.04937540117513455
eneida,sea_and_travel,гребци,1,0.04937540117513455
eneida,sea_and_travel,водамъ,1,0.04937540117513455
eneida,sea_and_travel,мандровавъ,1,0.04937540117513455
eneida,sea_and_travel,поплававши,1,0.04937540117513455
eneida,sea_and_travel,поплыли,1,0.04937540117513455
eneida,sea_and_travel,поблудивши,1,0.04937540117513455
eneida,sea_and_travel,палавъ,1,0.04937540117513455
eneida,sea_and_travel,морсоки,1,0.04937540117513455
eneida,sea_and_travel,плав,1,0.04937540117513455
eneida,sea_and_travel,човну,1,0.04937540117513455
eneida,sea_and_travel,гребе,1,0.04937540117513455
eneida,sea_and_travel,їхали,1,0.04937540117513455
eneida,sea_and_travel,доплив,1,0.04937540117513455
eneida,sea_and_travel,кораблям,1,0.04937540117513455
eneida,sea_and_travel,флотом,1,0.04937540117513455
eneida,sea_and_travel,флота,1,0.04937540117513455
eneida,sea_and_travel,рікою,1,0.04937540117513455
eneida,religion_and_myth,пекло,20,0.987508023502691
eneida,religion_and_myth,пекла,11,0.5431294129264801
eneida,religion_and_myth,богивъ,4,0.1975016047005382
eneida,religion_and_myth,богиня,4,0.1975016047005382
eneida,religion_and_myth,чорты,3,0.14812620352540365
eneida,religion_and_myth,чортам,3,0.14812620352540365
eneida,religion_and_myth,каплицю,2,0.0987508023502691
eneida,religion_and_myth,помолись,2,0.0987508023502691
eneida,religion_and_myth,молились,2,0.0987508023502691
eneida,religion_and_myth,раю,2,0.0987508023502691
eneida,religion_and_myth,сатани,2,0.0987508023502691
eneida,religion_and_myth,чорти,2,0.0987508023502691
eneida,religion_and_myth,помоливсь,2,0.0987508023502691
eneida,religion_and_myth,чортъ,13,0.6418802152767492
eneida,religion_and_myth,боги,12,0.5925048141016146
eneida,religion_and_myth,дух,11,0.5431294129264801
eneida,religion_and_myth,богів,7,0.34562780822594186
eneida,religion_and_myth,ралець,5,0.24687700587567274
eneida,religion_and_myth,богам,5,0.24687700587567274
eneida,religion_and_myth,помолися,1,0.04937540117513455
eneida,religion_and_myth,еретикъ,1,0.04937540117513455
eneida,religion_and_myth,богобоязливый,1,0.04937540117513455
eneida,religion_and_myth,поминки,1,0.04937540117513455
eneida,religion_and_myth,святыми,1,0.04937540117513455
eneida,religion_and_myth,поминать,1,0.04937540117513455
eneida,religion_and_myth,ягу,1,0.04937540117513455
eneida,religion_and_myth,проклятый,1,0.04937540117513455
eneida,religion_and_myth,упырь,1,0.04937540117513455
eneida,religion_and_myth,знахуръ,1,0.04937540117513455
eneida,religion_and_myth,христьяньску,1,0.04937540117513455
eneida,religion_and_myth,діявола,1,0.04937540117513455
eneida,religion_and_myth,молився,1,0.04937540117513455
eneida,religion_and_myth,перемоливсь,1,0.04937540117513455
eneida,religion_and_myth,богъ,1,0.04937540117513455
eneida,religion_and_myth,чортивъ,1,0.04937540117513455
eneida,religion_and_myth,святы,1,0.04937540117513455
eneida,religion_and_myth,постились,1,0.04937540117513455
eneida,religion_and_myth,русалки,1,0.04937540117513455
eneida,religion_and_myth,упыри,1,0.04937540117513455
eneida,religion_and_myth,химеры,1,0.04937540117513455
eneida,religion_and_myth,карлы,1,0.04937540117513455
eneida,religion_and_myth,горгоны,1,0.04937540117513455
eneida,religion_and_myth,божокъ,1,0.04937540117513455
eneida,religion_and_myth,ченци,1,0.04937540117513455
eneida,religion_and_myth,церковъ,1,0.04937540117513455
eneida,religion_and_myth,ворожбиты,1,0.04937540117513455
eneida,religion_and_myth,христьяне,1,0.04937540117513455
eneida,religion_and_myth,ворожокъ,1,0.04937540117513455
eneida,religion_and_myth,великоднихъ,1,0.04937540117513455
eneida,religion_and_myth,богом,1,0.04937540117513455
eneida,religion_and_myth,праведны,1,0.04937540117513455
eneida,religion_and_myth,божои,1,0.04937540117513455
eneida,religion_and_myth,грішникові,1,0.04937540117513455
eneida,religion_and_myth,божії,1,0.04937540117513455
eneida,religion_and_myth,грішними,1,0.04937540117513455
eneida,religion_and_myth,безбожність,1,0.04937540117513455
eneida,religion_and_myth,церкви,1,0.04937540117513455
eneida,religion_and_myth,грішних,1,0.04937540117513455
eneida,religion_and_myth,грішить,1,0.04937540117513455
eneida,religion_and_myth,божая,1,0.04937540117513455
eneida,religion_and_myth,вірте,1,0.04937540117513455
eneida,language_and_education,писари,2,0.0987508023502691
eneida,language_and_education,розумный,1,0.04937540117513455
eneida,language_and_education,письменный,1,0.04937540117513455
eneida,language_and_education,рима,1,0.04937540117513455
eneida,language_and_education,навчу,1,0.04937540117513455
eneida,language_and_education,розумненькій,1,0.04937540117513455
eneida,language_and_education,написавъ,1,0.04937540117513455
eneida,language_and_education,пысну,1,0.04937540117513455
eneida,language_and_education,папиръ,1,0.04937540117513455
eneida,language_and_education,секретари,1,0.04937540117513455
eneida,language_and_education,начальники,1,0.04937540117513455
eneida,language_and_education,ваканціовы,1,0.04937540117513455
eneida,language_and_education,стряпчи,1,0.04937540117513455
eneida,language_and_education,написати,1,0.04937540117513455
eneida,language_and_education,вчились,1,0.04937540117513455
eneida,language_and_education,разумны,1,0.04937540117513455
eneida,language_and_education,мудры,1,0.04937540117513455
eneida,language_and_education,писарчуки,1,0.04937540117513455
eneida,language_and_education,пише,1,0.04937540117513455
eneida,language_and_education,мудровали,1,0.04937540117513455
eneida,language_and_education,мудрець,1,0.04937540117513455
eneida,language_and_education,школа,1,0.04937540117513455
eneida,language_and_education,книгами,1,0.04937540117513455
eneida,language_and_education,книжок,1,0.04937540117513455
eneida,language_and_education,письмом,1,0.04937540117513455
eneida,language_and_education,писав,1,0.04937540117513455
eneida,language_and_education,аркуш,1,0.04937540117513455
eneida,language_and_education,вписали,1,0.04937540117513455
eneida,language_and_education,учить,1,0.04937540117513455
eneida,language_and_education,письменніші,1,0.04937540117513455
eneida,language_and_education,писали,1,0.04937540117513455
eneida,language_and_education,читати,1,0.04937540117513455
eneida,language_and_education,прочитав,1,0.04937540117513455
eneida,language_and_education,читать,1,0.04937540117513455
eneida,language_and_education,школах,1,0.04937540117513455
odyssey,alcohol_and_banquets,wine,114,2.1469735206599116
odyssey,alcohol_and_banquets,drunk,16,0.3013296169347245
odyssey,alcohol_and_banquets,drink,72,1.3559832762062602
odyssey,alcohol_and_banquets,cup,22,0.41432822328524616
odyssey,alcohol_and_banquets,bowl,17,0.3201627179931447
odyssey,alcohol_and_banquets,feast,16,0.3013296169347245
odyssey,alcohol_and_banquets,stout,5,0.0941655052921014
odyssey,alcohol_and_banquets,nectar,3,0.05649930317526084
odyssey,alcohol_and_banquets,ambrosia,6,0.11299860635052168
odyssey,alcohol_and_banquets,goblet,4,0.07533240423368112
odyssey,alcohol_and_banquets,chalice,1,0.01883310105842028
odyssey,alcohol_and_banquets,drunkard,1,0.01883310105842028
odyssey,alcohol_and_banquets,spirits,1,0.01883310105842028
odyssey,alcohol_and_banquets,liquor,3,0.05649930317526084
odyssey,alcohol_and_banquets,drunkenness,2,0.03766620211684056
odyssey,alcohol_and_banquets,mead,1,0.01883310105842028
odyssey,food_and_meals,bread,38,0.7156578402199706
odyssey,food_and_meals,meat,42,0.7909902444536517
odyssey,food_and_meals,cheese,3,0.05649930317526084
odyssey,food_and_meals,honey,5,0.0941655052921014
odyssey,food_and_meals,fish,5,0.0941655052921014
odyssey,food_and_meals,meal,20,0.3766620211684056
odyssey,food_and_meals,eat,60,1.1299860635052168
odyssey,food_and_meals,dinner,45,0.8474895476289126
odyssey,food_and_meals,supper,35,0.6591585370447097
odyssey,food_and_meals,food,11,0.20716411164262308
odyssey,food_and_meals,breakfast,3,0.05649930317526084
odyssey,food_and_meals,pork,4,0.07533240423368112
odyssey,food_and_meals,lamb,1,0.01883310105842028
odyssey,food_and_meals,fruit,5,0.0941655052921014
odyssey,food_and_meals,apple,3,0.05649930317526084
odyssey,food_and_meals,olive,14,0.2636634148178839
odyssey,food_and_meals,oil,18,0.33899581905156506
odyssey,food_and_meals,salt,14,0.2636634148178839
odyssey,food_and_meals,roasted,5,0.0941655052921014
odyssey,food_and_meals,hungry,2,0.03766620211684056
odyssey,food_and_meals,cook,7,0.13183170740894196
odyssey,food_and_meals,fat,19,0.3578289201099853
odyssey,food_and_meals,grease,1,0.01883310105842028
odyssey,food_and_meals,delicious,3,0.05649930317526084
odyssey,food_and_meals,dish,1,0.01883310105842028
odyssey,food_and_meals,victuals,4,0.07533240423368112
odyssey,food_and_meals,munch,1,0.01883310105842028
odyssey,food_and_meals,chew,1,0.01883310105842028
odyssey,food_and_meals,swallow,2,0.03766620211684056
odyssey,food_and_meals,banquet,16,0.3013296169347245
odyssey,food_and_meals,trough,2,0.03766620211684056
odyssey,clothing_and_fashion,cloak,44,0.8286564465704923
odyssey,clothing_and_fashion,robe,3,0.05649930317526084
odyssey,clothing_and_fashion,dress,9,0.16949790952578253
odyssey,clothing_and_fashion,garment,3,0.05649930317526084
odyssey,clothing_and_fashion,shirt,34,0.6403254359862894
odyssey,clothing_and_fashion,shoes,1,0.01883310105842028
odyssey,clothing_and_fashion,tunic,1,0.01883310105842028
odyssey,clothing_and_fashion,veil,8,0.15066480846736224
odyssey,clothing_and_fashion,sandals,14,0.2636634148178839
odyssey,clothing_and_fashion,belt,2,0.03766620211684056
odyssey,clothing_and_fashion,girdle,4,0.07533240423368112
odyssey,clothing_and_fashion,linen,11,0.20716411164262308
odyssey,clothing_and_fashion,wool,6,0.11299860635052168
odyssey,clothing_and_fashion,mantle,7,0.13183170740894196
odyssey,clothing_and_fashion,cap,1,0.01883310105842028
odyssey,clothing_and_fashion,tie,1,0.01883310105842028
odyssey,clothing_and_fashion,suit,2,0.03766620211684056
odyssey,clothing_and_fashion,clothes,44,0.8286564465704923
odyssey,clothing_and_fashion,raiment,9,0.16949790952578253
odyssey,clothing_and_fashion,embroidery,1,0.01883310105842028
odyssey,clothing_and_fashion,fabric,2,0.03766620211684056
odyssey,clothing_and_fashion,clothed,2,0.03766620211684056
odyssey,music_and_performance,music,4,0.07533240423368112
odyssey,music_and_performance,song,9,0.16949790952578253
odyssey,music_and_performance,sing,21,0.39549512222682587
odyssey,music_and_performance,dance,8,0.15066480846736224
odyssey,music_and_performance,lyre,13,0.24483031375946365
odyssey,music_and_performance,voice,18,0.33899581905156506
odyssey,music_and_performance,hymn,1,0.01883310105842028
odyssey,music_and_performance,sound,21,0.39549512222682587
odyssey,music_and_performance,tune,2,0.03766620211684056
odyssey,music_and_performance,perform,1,0.01883310105842028
odyssey,music_and_performance,bard,24,0.45199442540208673
odyssey,music_and_performance,minstrel,2,0.03766620211684056
odyssey,sea_and_travel,sea,190,3.578289201099853
odyssey,sea_and_travel,ship,219,4.124449131794042
odyssey,sea_and_travel,boat,2,0.03766620211684056
odyssey,sea_and_travel,sail,38,0.7156578402199706
odyssey,sea_and_travel,wave,14,0.2636634148178839
odyssey,sea_and_travel,shore,41,0.7721571433952314
odyssey,sea_and_travel,journey,12,0.22599721270104337
odyssey,sea_and_travel,island,83,1.5631473878488833
odyssey,sea_and_travel,ocean,8,0.15066480846736224
odyssey,sea_and_travel,water,113,2.128140419601492
odyssey,sea_and_travel,beach,13,0.24483031375946365
odyssey,sea_and_travel,port,4,0.07533240423368112
odyssey,sea_and_travel,mast,23,0.43316132434366644
odyssey,sea_and_travel,oar,7,0.13183170740894196
odyssey,sea_and_travel,row,11,0.20716411164262308
odyssey,sea_and_travel,anchor,1,0.01883310105842028
odyssey,sea_and_travel,tide,1,0.01883310105842028
odyssey,sea_and_travel,coast,12,0.22599721270104337
odyssey,sea_and_travel,voyage,35,0.6591585370447097
odyssey,sea_and_travel,travel,6,0.11299860635052168
odyssey,sea_and_travel,vessel,15,0.2824965158763042
odyssey,sea_and_travel,captain,5,0.0941655052921014
odyssey,sea_and_travel,sailor,1,0.01883310105842028
odyssey,sea_and_travel,fleet,14,0.2636634148178839
odyssey,sea_and_travel,raft,22,0.41432822328524616
odyssey,sea_and_travel,deck,6,0.11299860635052168
odyssey,sea_and_travel,rigging,1,0.01883310105842028
odyssey,sea_and_travel,current,4,0.07533240423368112
odyssey,sea_and_travel,brine,5,0.0941655052921014
odyssey,sea_and_travel,foam,2,0.03766620211684056
odyssey,sea_and_travel,stern,8,0.15066480846736224
odyssey,sea_and_travel,prow,1,0.01883310105842028
odyssey,sea_and_travel,ebb,2,0.03766620211684056
odyssey,sea_and_travel,flow,3,0.05649930317526084
odyssey,religion_and_myth,god,82,1.544314286790463
odyssey,religion_and_myth,gods,178,3.3522919883988096
odyssey,religion_and_myth,altar,7,0.13183170740894196
odyssey,religion_and_myth,sacrifice,25,0.47082752646050696
odyssey,religion_and_myth,prayer,15,0.2824965158763042
odyssey,religion_and_myth,temple,3,0.05649930317526084
odyssey,religion_and_myth,priest,4,0.07533240423368112
odyssey,religion_and_myth,holy,4,0.07533240423368112
odyssey,religion_and_myth,divine,9,0.16949790952578253
odyssey,religion_and_myth,goddess,52,0.9793212550378546
odyssey,religion_and_myth,heaven,160,3.0132961693472446
odyssey,religion_and_myth,hell,2,0.03766620211684056
odyssey,religion_and_myth,spirit,3,0.05649930317526084
odyssey,religion_and_myth,soul,5,0.0941655052921014
odyssey,religion_and_myth,fate,14,0.2636634148178839
odyssey,religion_and_myth,oracle,1,0.01883310105842028
odyssey,religion_and_myth,blessing,1,0.01883310105842028
odyssey,religion_and_myth,immortal,33,0.6214923349278693
odyssey,religion_and_myth,mortal,17,0.3201627179931447
odyssey,religion_and_myth,sin,2,0.03766620211684056
odyssey,religion_and_myth,ghost,24,0.45199442540208673
odyssey,religion_and_myth,omen,7,0.13183170740894196
odyssey,religion_and_myth,offering,9,0.16949790952578253
odyssey,religion_and_myth,sacred,4,0.07533240423368112
odyssey,religion_and_myth,hades,30,0.5649930317526084
odyssey,religion_and_myth,devil,2,0.03766620211684056
odyssey,religion_and_myth,prophet,9,0.16949790952578253
odyssey,language_and_education,master,38,0.7156578402199706
odyssey,language_and_education,library,1,0.01883310105842028
odyssey,language_and_education,book,32,0.602659233869449
odyssey,language_and_education,read,5,0.0941655052921014
odyssey,language_and_education,write,1,0.01883310105842028
odyssey,language_and_education,official,3,0.05649930317526084
odyssey,language_and_education,office,1,0.01883310105842028
odyssey,language_and_education,paper,1,0.01883310105842028
odyssey,language_and_education,greek,50,0.9416550529210139
odyssey,language_and_education,author,3,0.05649930317526084
ulysses,alcohol_and_banquets,wine,33,0.23593336669764783
ulysses,alcohol_and_banquets,beer,11,0.07864445556588259
ulysses,alcohol_and_banquets,whisky,9,0.06434546364481303
ulysses,alcohol_and_banquets,drunk,26,0.18588689497390432
ulysses,alcohol_and_banquets,ale,11,0.07864445556588259
ulysses,alcohol_and_banquets,drink,62,0.4432687495531565
ulysses,alcohol_and_banquets,cup,47,0.3360263101451348
ulysses,alcohol_and_banquets,bowl,14,0.10009294344748695
ulysses,alcohol_and_banquets,feast,9,0.06434546364481303
ulysses,alcohol_and_banquets,gin,5,0.03574747980267391
ulysses,alcohol_and_banquets,stout,15,0.10724243940802172
ulysses,alcohol_and_banquets,guinness,5,0.03574747980267391
ulysses,alcohol_and_banquets,cider,8,0.05719596768427826
ulysses,alcohol_and_banquets,porter,20,0.14298991921069565
ulysses,alcohol_and_banquets,libation,2,0.014298991921069565
ulysses,alcohol_and_banquets,nectar,2,0.014298991921069565
ulysses,alcohol_and_banquets,goblet,2,0.014298991921069565
ulysses,alcohol_and_banquets,chalice,7,0.05004647172374348
ulysses,alcohol_and_banquets,glass,44,0.31457782226353037
ulysses,alcohol_and_banquets,pub,8,0.05719596768427826
ulysses,alcohol_and_banquets,tavern,4,0.02859798384213913
ulysses,alcohol_and_banquets,bar,38,0.2716808465003217
ulysses,alcohol_and_banquets,bottle,27,0.1930363909344391
ulysses,alcohol_and_banquets,drunkard,1,0.007149495960534782
ulysses,alcohol_and_banquets,sober,14,0.10009294344748695
ulysses,alcohol_and_banquets,sip,4,0.02859798384213913
ulysses,alcohol_and_banquets,gulp,2,0.014298991921069565
ulysses,alcohol_and_banquets,toast,7,0.05004647172374348
ulysses,alcohol_and_banquets,spirits,10,0.07149495960534782
ulysses,alcohol_and_banquets,liquor,7,0.05004647172374348
ulysses,alcohol_and_banquets,brandy,2,0.014298991921069565
ulysses,alcohol_and_banquets,rum,11,0.07864445556588259
ulysses,alcohol_and_banquets,punch,14,0.10009294344748695
ulysses,alcohol_and_banquets,brew,5,0.03574747980267391
ulysses,alcohol_and_banquets,tipple,1,0.007149495960534782
ulysses,alcohol_and_banquets,draught,10,0.07149495960534782
ulysses,alcohol_and_banquets,vintage,1,0.007149495960534782
ulysses,alcohol_and_banquets,drunkenness,1,0.007149495960534782
ulysses,alcohol_and_banquets,beaker,1,0.007149495960534782
ulysses,alcohol_and_banquets,barrel,5,0.03574747980267391
ulysses,alcohol_and_banquets,vintner,1,0.007149495960534782
ulysses,alcohol_and_banquets,mead,5,0.03574747980267391
ulysses,food_and_meals,bread,51,0.3646242939872739
ulysses,food_and_meals,meat,29,0.2073353828555087
ulysses,food_and_meals,cheese,11,0.07864445556588259
ulysses,food_and_meals,honey,9,0.06434546364481303
ulysses,food_and_meals,fish,23,0.16443840709229998
ulysses,food_and_meals,meal,8,0.05719596768427826
ulysses,food_and_meals,eat,43,0.30742832630299566
ulysses,food_and_meals,dinner,24,0.17158790305283478
ulysses,food_and_meals,supper,11,0.07864445556588259
ulysses,food_and_meals,food,26,0.18588689497390432
ulysses,food_and_meals,breakfast,21,0.15013941517123044
ulysses,food_and_meals,beef,14,0.10009294344748695
ulysses,food_and_meals,pork,10,0.07149495960534782
ulysses,food_and_meals,lamb,11,0.07864445556588259
ulysses,food_and_meals,mutton,9,0.06434546364481303
ulysses,food_and_meals,kidney,25,0.17873739901336957
ulysses,food_and_meals,steak,7,0.05004647172374348
ulysses,food_and_meals,sandwich,6,0.042896975763208695
ulysses,food_and_meals,slice,10,0.07149495960534782
ulysses,food_and_meals,butter,28,0.2001858868949739
ulysses,food_and_meals,egg,14,0.10009294344748695
ulysses,food_and_meals,fruit,17,0.12154143132909129
ulysses,food_and_meals,apple,10,0.07149495960534782
ulysses,food_and_meals,olive,6,0.042896975763208695
ulysses,food_and_meals,oil,17,0.12154143132909129
ulysses,food_and_meals,salt,22,0.15728891113176519
ulysses,food_and_meals,crust,3,0.021448487881604347
ulysses,food_and_meals,roasted,2,0.014298991921069565
ulysses,food_and_meals,boiled,8,0.05719596768427826
ulysses,food_and_meals,hungry,9,0.06434546364481303
ulysses,food_and_meals,appetite,4,0.02859798384213913
ulysses,food_and_meals,cook,7,0.05004647172374348
ulysses,food_and_meals,kitchen,30,0.21448487881604344
ulysses,food_and_meals,fat,49,0.3503253020662043
ulysses,food_and_meals,grease,2,0.014298991921069565
ulysses,food_and_meals,delicious,2,0.014298991921069565
ulysses,food_and_meals,platter,3,0.021448487881604347
ulysses,food_and_meals,dish,10,0.07149495960534782
ulysses,food_and_meals,venison,1,0.007149495960534782
ulysses,food_and_meals,broth,3,0.021448487881604347
ulysses,food_and_meals,victuals,1,0.007149495960534782
ulysses,food_and_meals,chew,4,0.02859798384213913
ulysses,food_and_meals,swallow,5,0.03574747980267391
ulysses,food_and_meals,gorge,1,0.007149495960534782
ulysses,food_and_meals,repast,2,0.014298991921069565
ulysses,food_and_meals,banquet,2,0.014298991921069565
ulysses,food_and_meals,trough,1,0.007149495960534782
ulysses,food_and_meals,offal,2,0.014298991921069565
ulysses,clothing_and_fashion,cloak,5,0.03574747980267391
ulysses,clothing_and_fashion,robe,5,0.03574747980267391
ulysses,clothing_and_fashion,dress,41,0.29312933438192607
ulysses,clothing_and_fashion,garment,7,0.05004647172374348
ulysses,clothing_and_fashion,coat,28,0.2001858868949739
ulysses,clothing_and_fashion,shirt,30,0.21448487881604344
ulysses,clothing_and_fashion,hat,167,1.1939658254093086
ulysses,clothing_and_fashion,shoes,20,0.14298991921069565
ulysses,clothing_and_fashion,boots,55,0.39322227782941305
ulysses,clothing_and_fashion,tunic,1,0.007149495960534782
ulysses,clothing_and_fashion,veil,18,0.12869092728962606
ulysses,clothing_and_fashion,sandals,4,0.02859798384213913
ulysses,clothing_and_fashion,belt,8,0.05719596768427826
ulysses,clothing_and_fashion,girdle,3,0.021448487881604347
ulysses,clothing_and_fashion,linen,9,0.06434546364481303
ulysses,clothing_and_fashion,wool,7,0.05004647172374348
ulysses,clothing_and_fashion,silk,44,0.31457782226353037
ulysses,clothing_and_fashion,mantle,8,0.05719596768427826
ulysses,clothing_and_fashion,cap,39,0.27883034246085653
ulysses,clothing_and_fashion,trousers,51,0.3646242939872739
ulysses,clothing_and_fashion,gloves,19,0.13584042325016085
ulysses,clothing_and_fashion,breeches,13,0.09294344748695216
ulysses,clothing_and_fashion,waistcoat,25,0.17873739901336957
ulysses,clothing_and_fashion,spectacles,8,0.05719596768427826
ulysses,clothing_and_fashion,tie,14,0.10009294344748695
ulysses,clothing_and_fashion,button,9,0.06434546364481303
ulysses,clothing_and_fashion,suit,28,0.2001858868949739
ulysses,clothing_and_fashion,clothes,30,0.21448487881604344
ulysses,clothing_and_fashion,attire,3,0.021448487881604347
ulysses,clothing_and_fashion,costume,12,0.08579395152641739
ulysses,clothing_and_fashion,finery,1,0.007149495960534782
ulysses,clothing_and_fashion,raiment,1,0.007149495960534782
ulysses,clothing_and_fashion,apparel,5,0.03574747980267391
ulysses,clothing_and_fashion,buckle,1,0.007149495960534782
ulysses,clothing_and_fashion,shawl,6,0.042896975763208695
ulysses,clothing_and_fashion,petticoat,15,0.10724243940802172
ulysses,clothing_and_fashion,lace,11,0.07864445556588259
ulysses,clothing_and_fashion,embroidery,2,0.014298991921069565
ulysses,clothing_and_fashion,fabric,1,0.007149495960534782
ulysses,clothing_and_fashion,clothed,4,0.02859798384213913
ulysses,music_and_performance,music,76,0.5433616930006434
ulysses,music_and_performance,song,37,0.26453135053978694
ulysses,music_and_performance,sing,40,0.2859798384213913
ulysses,music_and_performance,dance,24,0.17158790305283478
ulysses,music_and_performance,lyre,1,0.007149495960534782
ulysses,music_and_performance,harp,8,0.05719596768427826
ulysses,music_and_performance,flute,3,0.021448487881604347
ulysses,music_and_performance,voice,177,1.2654607850146564
ulysses,music_and_performance,melody,2,0.014298991921069565
ulysses,music_and_performance,rhythm,3,0.021448487881604347
ulysses,music_and_performance,hymn,2,0.014298991921069565
ulysses,music_and_performance,chorus,5,0.03574747980267391
ulysses,music_and_performance,opera,14,0.10009294344748695
ulysses,music_and_performance,piano,27,0.1930363909344391
ulysses,music_and_performance,organ,15,0.10724243940802172
ulysses,music_and_performance,concert,21,0.15013941517123044
ulysses,music_and_performance,singer,3,0.021448487881604347
ulysses,music_and_performance,player,7,0.05004647172374348
ulysses,music_and_performance,instrument,4,0.02859798384213913
ulysses,music_and_performance,sound,26,0.18588689497390432
ulysses,music_and_performance,tune,8,0.05719596768427826
ulysses,music_and_performance,perform,2,0.014298991921069565
ulysses,music_and_performance,stage,19,0.13584042325016085
ulysses,music_and_performance,theatre,17,0.12154143132909129
ulysses,music_and_performance,bard,8,0.05719596768427826
ulysses,music_and_performance,minstrel,2,0.014298991921069565
ulysses,music_and_performance,lute,3,0.021448487881604347
ulysses,music_and_performance,drum,8,0.05719596768427826
ulysses,music_and_performance,chant,7,0.05004647172374348
ulysses,music_and_performance,orchestra,1,0.007149495960534782
ulysses,music_and_performance,tenor,8,0.05719596768427826
ulysses,music_and_performance,soprano,2,0.014298991921069565
ulysses,music_and_performance,aria,1,0.007149495960534782
ulysses,music_and_performance,ballad,8,0.05719596768427826
ulysses,music_and_performance,fiddle,2,0.014298991921069565
ulysses,music_and_performance,piping,2,0.014298991921069565
ulysses,sea_and_travel,sea,103,0.7363980839350827
ulysses,sea_and_travel,ship,20,0.14298991921069565
ulysses,sea_and_travel,boat,13,0.09294344748695216
ulysses,sea_and_travel,sail,12,0.08579395152641739
ulysses,sea_and_travel,wave,6,0.042896975763208695
ulysses,sea_and_travel,shore,12,0.08579395152641739
ulysses,sea_and_travel,journey,4,0.02859798384213913
ulysses,sea_and_travel,island,22,0.15728891113176519
ulysses,sea_and_travel,ocean,10,0.07149495960534782
ulysses,sea_and_travel,water,121,0.8650890112247086
ulysses,sea_and_travel,beach,8,0.05719596768427826
ulysses,sea_and_travel,port,9,0.06434546364481303
ulysses,sea_and_travel,mast,1,0.007149495960534782
ulysses,sea_and_travel,oar,1,0.007149495960534782
ulysses,sea_and_travel,row,35,0.2502323586187174
ulysses,sea_and_travel,anchor,7,0.05004647172374348
ulysses,sea_and_travel,navigation,1,0.007149495960534782
ulysses,sea_and_travel,tide,19,0.13584042325016085
ulysses,sea_and_travel,coast,3,0.021448487881604347
ulysses,sea_and_travel,voyage,4,0.02859798384213913
ulysses,sea_and_travel,travel,3,0.021448487881604347
ulysses,sea_and_travel,vessel,6,0.042896975763208695
ulysses,sea_and_travel,captain,18,0.12869092728962606
ulysses,sea_and_travel,sailor,39,0.27883034246085653
ulysses,sea_and_travel,mariner,5,0.03574747980267391
ulysses,sea_and_travel,fleet,5,0.03574747980267391
ulysses,sea_and_travel,raft,2,0.014298991921069565
ulysses,sea_and_travel,deck,5,0.03574747980267391
ulysses,sea_and_travel,nautical,1,0.007149495960534782
ulysses,sea_and_travel,rigging,1,0.007149495960534782
ulysses,sea_and_travel,current,6,0.042896975763208695
ulysses,sea_and_travel,swelling,6,0.042896975763208695
ulysses,sea_and_travel,brine,1,0.007149495960534782
ulysses,sea_and_travel,foam,1,0.007149495960534782
ulysses,sea_and_travel,navigation,1,0.007149495960534782
ulysses,sea_and_travel,stern,5,0.03574747980267391
ulysses,sea_and_travel,flow,20,0.14298991921069565
ulysses,religion_and_myth,god,218,1.5585901193965825
ulysses,religion_and_myth,gods,44,0.31457782226353037
ulysses,religion_and_myth,altar,13,0.09294344748695216
ulysses,religion_and_myth,sacrifice,5,0.03574747980267391
ulysses,religion_and_myth,prayer,14,0.10009294344748695
ulysses,religion_and_myth,temple,10,0.07149495960534782
ulysses,religion_and_myth,priest,40,0.2859798384213913
ulysses,religion_and_myth,holy,59,0.4218202616715522
ulysses,religion_and_myth,divine,12,0.08579395152641739
ulysses,religion_and_myth,goddess,5,0.03574747980267391
ulysses,religion_and_myth,heaven,36,0.2573818545792521
ulysses,religion_and_myth,hell,69,0.4933152212768999
ulysses,religion_and_myth,spirit,28,0.2001858868949739
ulysses,religion_and_myth,soul,66,0.47186673339529567
ulysses,religion_and_myth,worship,8,0.05719596768427826
ulysses,religion_and_myth,fate,10,0.07149495960534782
ulysses,religion_and_myth,oracle,1,0.007149495960534782
ulysses,religion_and_myth,blessing,10,0.07149495960534782
ulysses,religion_and_myth,curse,19,0.13584042325016085
ulysses,religion_and_myth,immortal,12,0.08579395152641739
ulysses,religion_and_myth,mortal,11,0.07864445556588259
ulysses,religion_and_myth,sin,33,0.23593336669764783
ulysses,religion_and_myth,ghost,26,0.18588689497390432
ulysses,religion_and_myth,shrine,1,0.007149495960534782
ulysses,religion_and_myth,offering,8,0.05719596768427826
ulysses,religion_and_myth,sacred,25,0.17873739901336957
ulysses,religion_and_myth,deity,2,0.014298991921069565
ulysses,religion_and_myth,pious,9,0.06434546364481303
ulysses,religion_and_myth,underworld,1,0.007149495960534782
ulysses,religion_and_myth,hades,1,0.007149495960534782
ulysses,religion_and_myth,devil,35,0.2502323586187174
ulysses,religion_and_myth,satan,5,0.03574747980267391
ulysses,religion_and_myth,prophet,2,0.014298991921069565
ulysses,religion_and_myth,ritual,2,0.014298991921069565
ulysses,language_and_education,latin,12,0.08579395152641739
ulysses,language_and_education,school,38,0.2716808465003217
ulysses,language_and_education,university,13,0.09294344748695216
ulysses,language_and_education,college,26,0.18588689497390432
ulysses,language_and_education,teacher,2,0.014298991921069565
ulysses,language_and_education,master,77,0.5505111889611782
ulysses,language_and_education,student,21,0.15013941517123044
ulysses,language_and_education,grammar,2,0.014298991921069565
ulysses,language_and_education,philosophy,5,0.03574747980267391
ulysses,language_and_education,poetry,22,0.15728891113176519
ulysses,language_and_education,library,21,0.15013941517123044
ulysses,language_and_education,book,85,0.6077071566454565
ulysses,language_and_education,read,121,0.8650890112247086
ulysses,language_and_education,write,58,0.4146707657110174
ulysses,language_and_education,scholar,4,0.02859798384213913
ulysses,language_and_education,clerk,11,0.07864445556588259
ulysses,language_and_education,official,8,0.05719596768427826
ulysses,language_and_education,office,52,0.37177378994780863
ulysses,language_and_education,paper,89,0.6363051404875956
ulysses,language_and_education,greek,21,0.15013941517123044
ulysses,language_and_education,hebrew,5,0.03574747980267391
ulysses,language_and_education,verse,10,0.07149495960534782
ulysses,language_and_education,author,9,0.06434546364481303
ulysses,language_and_education,scribe,1,0.007149495960534782
ulysses,language_and_education,manuscript,1,0.007149495960534782
ulysses,language_and_education,document,2,0.014298991921069565
ulysses,language_and_education,volume,8,0.05719596768427826
ulysses,language_and_education,lecture,3,0.021448487881604347
ulysses,language_and_education,ink,16,0.11439193536855652
